{
  "accuracy": 0.7727272727272727,
  "kappa": 0.6405228758169934,
  "report": {
    "High Risk": {
      "precision": 0.782608695652174,
      "recall": 0.9,
      "f1-score": 0.8372093023255814,
      "support": 20.0
    },
    "Low Risk": {
      "precision": 0.6428571428571429,
      "recall": 0.75,
      "f1-score": 0.6923076923076923,
      "support": 12.0
    },
    "Moderate Risk": {
      "precision": 1.0,
      "recall": 0.5833333333333334,
      "f1-score": 0.7368421052631579,
      "support": 12.0
    },
    "accuracy": 0.7727272727272727,
    "macro avg": {
      "precision": 0.808488612836439,
      "recall": 0.7444444444444445,
      "f1-score": 0.7554530332988105,
      "support": 44.0
    },
    "weighted avg": {
      "precision": 0.8037831733483908,
      "recall": 0.7727272727272727,
      "f1-score": 0.770317809485496,
      "support": 44.0
    }
  }
}