{"kappa": 0.7124183006535947, "accuracy": 0.8181818181818182, "report": {"High Risk": {"precision": 0.782608695652174, "recall": 0.9, "f1-score": 0.8372093023255814, "support": 20.0}, "Low Risk": {"precision": 0.8, "recall": 0.6666666666666666, "f1-score": 0.7272727272727273, "support": 12.0}, "Moderate Risk": {"precision": 0.9090909090909091, "recall": 0.8333333333333334, "f1-score": 0.8695652173913043, "support": 12.0}, "accuracy": 0.8181818181818182, "macro avg": {"precision": 0.830566534914361, "recall": 0.7999999999999999, "f1-score": 0.8113490823298709, "support": 44.0}, "weighted avg": {"precision": 0.8218469277757815, "recall": 0.8181818181818182, "f1-score": 0.8160509405109092, "support": 44.0}}}